,ID,Description,setSize,enrichmentScore,NES,pvalue,p.adjust,qvalues,rank,leading_edge,core_enrichment
KEGG_ANTIGEN_PROCESSING_AND_PRESENTATION,KEGG_ANTIGEN_PROCESSING_AND_PRESENTATION,KEGG_ANTIGEN_PROCESSING_AND_PRESENTATION,81,0.722559203258847,2.41097162677763,1e-10,4.65e-09,3.44736842105263e-09,8009,tags=70%, list=21%, signal=56%,3805/6890/3822/3821/3135/3310/6891/3106/3105/1514/3812/3134/5721/3439/567/3107/1508/3312/3823/4049/3118/3811/10437/3804/3824/3809/3326/3320/5720/972/3303/6892/925/3308/926/8302/10197/3123/3122/3117/3133/3802/811/3309/3109/3306/3304/4800/3111/4261/1520/920/821/3113/3305/5641/3442
KEGG_CYTOKINE_CYTOKINE_RECEPTOR_INTERACTION,KEGG_CYTOKINE_CYTOKINE_RECEPTOR_INTERACTION,KEGG_CYTOKINE_CYTOKINE_RECEPTOR_INTERACTION,264,0.58949705026897,2.29613909750272,1e-10,4.65e-09,3.44736842105263e-09,4831,tags=42%, list=12%, signal=37%,6373/6354/3627/6355/338376/3458/4283/282618/9560/1437/3552/6374/6348/414062/3604/1440/1232/58985/970/282617/6362/356/282616/6357/7124/3553/6351/2921/53833/3576/6368/7424/3605/5008/6352/3589/3595/10344/1237/5196/1230/6364/2919/3601/6359/6372/3559/51330/6369/83729/6347/59067/50615/51561/1234/50604/3560/3439/943/7850/10673/5473/958/23529/6376/8744/3586/5155/3569/3581/2920/3600/3592/2833/6356/3574/4804/4049/6346/3624/3594/6367/8743/355/8200/4982/8807/6375/658/3566/7292/5617/1436/27242/64109/1435/2056/7293/3952/116379/1438/3561/10663/7042/11009/4233/1439/7133/3456/8600/8797
KEGG_NATURAL_KILLER_CELL_MEDIATED_CYTOTOXICITY,KEGG_NATURAL_KILLER_CELL_MEDIATED_CYTOTOXICITY,KEGG_NATURAL_KILLER_CELL_MEDIATED_CYTOTOXICITY,132,0.639281479511776,2.29049114685082,1e-10,4.65e-09,3.44736842105263e-09,6301,tags=43%, list=16%, signal=36%,3458/3805/1437/9437/3822/3002/3821/356/3135/135250/7124/80328/4277/3106/5551/2214/3105/3812/154064/3383/3439/3107/7410/2207/3823/51744/10870/3811/8743/355/3804/399694/3824/3809/117157/10451/3937/3689/5880/7305/3456/8797/3932/3133/6464/3802/79465/6452/8795/9436/2215/3265/4893/3384/5578/5582/8793
KEGG_CELL_CYCLE,KEGG_CELL_CYCLE,KEGG_CELL_CYCLE,125,0.636323855643597,2.264235696379,1e-10,4.65e-09,3.44736842105263e-09,5081,tags=42%, list=13%, signal=36%,991/995/890/891/5347/8900/993/4085/8318/990/4998/9133/701/9700/9088/9232/898/1111/7272/699/4171/983/4173/1029/1869/2810/23594/85417/1870/1647/4609/4175/8317/9134/4176/1030/10459/1019/27127/5591/4174/7042/1021/8379/4172/5111/7531/10926/7534/1017/1026/10971
KEGG_TOLL_LIKE_RECEPTOR_SIGNALING_PATHWAY,KEGG_TOLL_LIKE_RECEPTOR_SIGNALING_PATHWAY,KEGG_TOLL_LIKE_RECEPTOR_SIGNALING_PATHWAY,102,0.630814598553361,2.1894548250661,1.92473805408795e-09,7.16002556120718e-08,5.30822494916887e-08,4777,tags=33%, list=12%, signal=29%,6373/3627/4283/6348/6772/3929/941/7124/3553/6351/3576/6352/7098/3665/3439/958/51311/3569/3592/6696/929/8772/353376/942/7096/10333/8517/6300/9641/148022/4790/3654/3456/51284
KEGG_DRUG_METABOLISM_CYTOCHROME_P450,KEGG_DRUG_METABOLISM_CYTOCHROME_P450,KEGG_DRUG_METABOLISM_CYTOCHROME_P450,71,-0.678798740231112,-2.16105687238905,8.80074282847505e-09,2.72823027682727e-07,2.02262686057935e-07,5674,tags=55%, list=15%, signal=47%,4129/2329/7366/1558/54575/218/54579/2948/7363/1571/2949/1565/54657/131/64816/1576/2939/127/316/1562/1548/2947/2330/1557/54577/2327/124/4128/7367/2941/54490/2328/10720/1549/126/2940/2946/2938/125
KEGG_NOD_LIKE_RECEPTOR_SIGNALING_PATHWAY,KEGG_NOD_LIKE_RECEPTOR_SIGNALING_PATHWAY,KEGG_NOD_LIKE_RECEPTOR_SIGNALING_PATHWAY,62,0.694638932732056,2.21973080545506,1.30122971677894e-08,3.45755324744117e-07,2.56332470523369e-07,4485,tags=44%, list=12%, signal=39%,6354/6355/838/6357/4210/7124/3553/3576/6352/2919/6347/8767/3569/2920/6356/4671/330/3326/3320/114548/64127/8517/6300/7128/58484/4790/834
KEGG_GRAFT_VERSUS_HOST_DISEASE,KEGG_GRAFT_VERSUS_HOST_DISEASE,KEGG_GRAFT_VERSUS_HOST_DISEASE,37,0.775271187684829,2.22491290914238,4.92738433522285e-08,1.14561685793931e-06,8.49325457781833e-07,5530,tags=76%, list=14%, signal=65%,3458/3552/3002/3821/356/3135/941/7124/3553/3106/5551/3105/3812/3134/3107/3569/3118/3811/355/3804/3824/942/3123/3122/3117/3133/3802/3109
KEGG_CYTOSOLIC_DNA_SENSING_PATHWAY,KEGG_CYTOSOLIC_DNA_SENSING_PATHWAY,KEGG_CYTOSOLIC_DNA_SENSING_PATHWAY,55,0.673599159011174,2.10686145570685,4.13814089001075e-07,8.55215783935555e-06,6.34030943381764e-06,5456,tags=36%, list=14%, signal=31%,3627/9560/9447/3553/6351/6352/23586/3665/10622/3439/3569/8517/9641/4790/834/3456/81030/3606/11128/103
KEGG_CHEMOKINE_SIGNALING_PATHWAY,KEGG_CHEMOKINE_SIGNALING_PATHWAY,KEGG_CHEMOKINE_SIGNALING_PATHWAY,188,0.496665685356003,1.85173753383532,5.49513126898652e-07,1.02209441603149e-05,7.5774968024972e-06,3808,tags=25%, list=10%, signal=23%,6373/6354/3627/6355/4283/9560/6374/6348/414062/6772/1232/6362/6357/6351/2921/3576/6368/6352/10344/1237/5196/1230/6364/2919/6359/6372/2793/6369/6347/1234/5473/6376/7410/2920/2833/6356/6346/6367/5829/399694/6375/10451/2868/2786/59345/5880/8517
KEGG_JAK_STAT_SIGNALING_PATHWAY,KEGG_JAK_STAT_SIGNALING_PATHWAY,KEGG_JAK_STAT_SIGNALING_PATHWAY,155,0.509394237362284,1.8645124250294,8.95413217799017e-07,1.51406235009652e-05,1.1224797275758e-05,4673,tags=29%, list=12%, signal=26%,338376/3458/282618/1437/6772/1440/58985/282617/282616/53833/5008/3589/3595/3601/3559/59067/50615/51561/50604/3560/3439/23529/3586/3569/3581/3600/3592/3574/3594/4609/23624/3566/5617/64109/5292/2056/3952/116379/1438/3561/10379/11009/598/1439/3456
KEGG_TYPE_I_DIABETES_MELLITUS,KEGG_TYPE_I_DIABETES_MELLITUS,KEGG_TYPE_I_DIABETES_MELLITUS,41,0.730802455545446,2.13518472892682,1.08099008161441e-06,1.54664734754061e-05,1.14663725256265e-05,6459,tags=71%, list=17%, signal=59%,5798/3458/3552/3002/356/3135/941/7124/3553/3106/5551/2571/3105/3134/3107/3592/4049/3118/355/3329/942/3123/3122/3117/3133/3109/2572/3630/3111
KEGG_METABOLISM_OF_XENOBIOTICS_BY_CYTOCHROME_P450,KEGG_METABOLISM_OF_XENOBIOTICS_BY_CYTOCHROME_P450,KEGG_METABOLISM_OF_XENOBIOTICS_BY_CYTOCHROME_P450,69,-0.631461309818922,-1.99801950493442,1.06535480880347e-06,1.54664734754061e-05,1.14663725256265e-05,5752,tags=48%, list=15%, signal=41%,8644/7366/1558/54575/218/54579/2948/7363/2052/1571/2949/54657/131/64816/1576/2939/127/1646/1562/2947/1557/54577/124/1645/7367/2941/54490/10720/126/2940/2946/2938/125
KEGG_DNA_REPLICATION,KEGG_DNA_REPLICATION,KEGG_DNA_REPLICATION,36,0.73368566804916,2.09358309872516,2.49658102480418e-06,3.31688621866841e-05,2.45903845300262e-05,7727,tags=78%, list=20%, signal=62%,4171/4173/2237/5557/4175/5424/1763/5427/4176/5983/5984/5981/4174/4172/5111/5558/10535/23649/56655/6119/5425/5982/6742/5985/54107/57804/3978/10714
KEGG_LEISHMANIA_INFECTION,KEGG_LEISHMANIA_INFECTION,KEGG_LEISHMANIA_INFECTION,70,0.622539160152824,2.02852285291705,3.65156545820062e-06,4.52794116816877e-05,3.35687771946864e-05,8888,tags=56%, list=23%, signal=43%,3458/3552/6772/7124/3553/2214/2209/3586/3592/3118/65108/3684/4688/3689/6300/4790/2212/7042/3654/3123/3122/3117/3688/4615/3109/653361/2215/3717/3111/5600/3113/2002/5970/7040/3108/3460/7099/4689/3115
KEGG_RIG_I_LIKE_RECEPTOR_SIGNALING_PATHWAY,KEGG_RIG_I_LIKE_RECEPTOR_SIGNALING_PATHWAY,KEGG_RIG_I_LIKE_RECEPTOR_SIGNALING_PATHWAY,71,0.606569169271505,1.9798523216155,6.30728216985073e-06,7.24404625863739e-05,5.37051533605828e-05,5075,tags=27%, list=13%, signal=23%,3627/338376/9636/8653/64135/7124/3576/23586/3665/3439/3592/79132/8772/8517/6300/9641/4790/3456/7706
KEGG_PYRIMIDINE_METABOLISM,KEGG_PYRIMIDINE_METABOLISM,KEGG_PYRIMIDINE_METABOLISM,98,0.549571672791419,1.89196642062114,6.62090249445353e-06,7.24404625863739e-05,5.37051533605828e-05,8525,tags=47%, list=22%, signal=37%,129607/6241/978/4907/7083/1890/10622/7298/4860/5557/7296/7371/1503/5424/5427/1841/29922/4830/790/6240/1806/87178/7378/25885/5558/318/124583/11128/23649/56655/4831/5425/8382/64425/1635/5430/54107/51251/57804/30834/30833/10714/7372/5438/5436/84172
KEGG_ALLOGRAFT_REJECTION,KEGG_ALLOGRAFT_REJECTION,KEGG_ALLOGRAFT_REJECTION,35,0.712819230384644,2.03226296987404,1.33296084396224e-05,0.000134229318395811,9.95135297671264e-05,4889,tags=60%, list=13%, signal=52%,3458/3002/356/3135/941/7124/3106/5551/3105/3134/3107/958/3586/3592/3118/355/942/3123/3122/3117/3133
KEGG_PROTEASOME,KEGG_PROTEASOME,KEGG_PROTEASOME,46,0.666353572227379,2.0032221923927,1.37115970404323e-05,0.000134229318395811,9.95135297671264e-05,10293,tags=85%, list=27%, signal=62%,3458/5698/5696/5699/5721/345645/5720/5700/5686/5708/5713/5685/10213/10197/5693/5690/5707/51371/5694/5688/5704/5702/5695/122706/5719/5706/5717/5705/5691/5684/5718/5714/5682/5687/5692/5710/5701/5709/5689
KEGG_TASTE_TRANSDUCTION,KEGG_TASTE_TRANSDUCTION,KEGG_TASTE_TRANSDUCTION,51,-0.652779224253359,-1.95403169918496,2.53242858535603e-05,0.00023551585843811,0.000174604286674547,6651,tags=49%, list=17%, signal=41%,259290/5568/6340/5136/5613/5330/80834/259294/353164/50834/83756/51764/5726/50832/6337/259289/2784/259296/29850/774/6338/80835/50831/259292/50838
KEGG_SPLICEOSOME,KEGG_SPLICEOSOME,KEGG_SPLICEOSOME,127,0.49717940958924,1.76615024799477,3.22765414852849e-05,0.000285877938869666,0.000211941199727936,11162,tags=54%, list=29%, signal=39%,3310/3312/10189/51645/3303/6631/56259/1665/22827/51639/5093/11157/3306/51729/84844/26121/57819/9775/9343/9410/3304/5356/6627/9416/6628/10992/6635/10946/4116/55660/153527/23450/6632/84321/6636/27339/22938/55110/3305/9785/23020/6626/8449/4670/10285/144983/6637/55696/988/9092/9128/6633/11338/57461/8896/9879/10523/3183/8683/3190/10915/10084/10262/27258/83443/10291/4686/23658/23350
KEGG_AMINOACYL_TRNA_BIOSYNTHESIS,KEGG_AMINOACYL_TRNA_BIOSYNTHESIS,KEGG_AMINOACYL_TRNA_BIOSYNTHESIS,41,0.665498923315462,1.94438747078355,7.47920705468701e-05,0.000632332960078084,0.000468792403906219,8836,tags=61%, list=23%, signal=47%,7453/5917/51067/55157/7407/3735/6897/2193/8565/833/3376/23395/25973/23438/4141/10056/10667/1615/3035/51091/57505/2058/2617/54938/55699
KEGG_ECM_RECEPTOR_INTERACTION,KEGG_ECM_RECEPTOR_INTERACTION,KEGG_ECM_RECEPTOR_INTERACTION,84,0.509213099733104,1.72121946239436,0.000362495408317643,0.00293148460639486,0.00217331343201882,6207,tags=45%, list=16%, signal=38%,3918/3161/284217/3914/3690/3371/3909/1277/3678/1301/50509/2335/3381/3675/10319/6696/6385/1281/22798/3691/3655/3673/375790/3694/7058/1289/3685/1290/1291/1292/3688/1280/1278/1282/9672/3915/7448/3695
KEGG_RETINOL_METABOLISM,KEGG_RETINOL_METABOLISM,KEGG_RETINOL_METABOLISM,64,-0.544720029649973,-1.70947748404074,0.000543036529569998,0.00420853310416748,0.00312007830586271,5523,tags=41%, list=14%, signal=35%,7366/157506/1558/54575/54579/7363/54657/131/64816/1576/1579/1592/127/1562/284541/1548/1557/54577/124/7367/54490/10720/1549/126/216/125
KEGG_MISMATCH_REPAIR,KEGG_MISMATCH_REPAIR,KEGG_MISMATCH_REPAIR,23,0.71050594974712,1.84895553731649,0.000668576920049517,0.0049531021634227,0.00367207913643675,8003,tags=74%, list=21%, signal=59%,9156/5424/5983/5984/5981/5111/6119/5425/5982/6742/2956/5985/4436/57804/3978/10714/4437
KEGG_SMALL_CELL_LUNG_CANCER,KEGG_SMALL_CELL_LUNG_CANCER,KEGG_SMALL_CELL_LUNG_CANCER,84,0.497342480665701,1.68109492400328,0.000692369119618227,0.0049531021634227,0.00367207913643675,6016,tags=36%, list=16%, signal=30%,3918/284217/898/3914/3909/1869/2335/3675/1870/1163/10319/4609/330/22798/9134/3655/3673/1030/1019/8517/3685/4790/598/1021/3688/1017/1282/3915/7185/1871
KEGG_AUTOIMMUNE_THYROID_DISEASE,KEGG_AUTOIMMUNE_THYROID_DISEASE,KEGG_AUTOIMMUNE_THYROID_DISEASE,50,0.570817741984502,1.75706830081553,0.000945213277723145,0.00627891677344661,0.00465499772111775,6459,tags=46%, list=17%, signal=38%,3002/356/3135/941/3106/5551/3105/3134/3439/3107/958/3586/3118/1493/355/942/3123/3122/3117/3133/3109/7038/3111
KEGG_P53_SIGNALING_PATHWAY,KEGG_P53_SIGNALING_PATHWAY,KEGG_P53_SIGNALING_PATHWAY,68,0.519937926312947,1.68370747755432,0.000937226476233373,0.00627891677344661,0.00465499772111775,5824,tags=40%, list=15%, signal=34%,5268/6241/891/51512/9133/5054/898/1111/5366/983/1029/2810/7161/85417/1647/355/9134/9540/63970/1019/1021/1017/1026/51246/8795/581/55240
KEGG_HOMOLOGOUS_RECOMBINATION,KEGG_HOMOLOGOUS_RECOMBINATION,KEGG_HOMOLOGOUS_RECOMBINATION,28,0.657987705149883,1.77943765893016,0.00131935145245897,0.00846204724680584,0.0062735041841062,7727,tags=54%, list=20%, signal=43%,8438/5888/146956/7516/25788/641/5424/4683/675/6119/5425/6742/10111/57804/10714
KEGG_NUCLEOTIDE_EXCISION_REPAIR,KEGG_NUCLEOTIDE_EXCISION_REPAIR,KEGG_NUCLEOTIDE_EXCISION_REPAIR,44,0.571954950370314,1.70051917075034,0.00205369565803379,0.0127329130798095,0.00943979407727814,8327,tags=48%, list=22%, signal=37%,5424/5427/5983/5984/5981/5111/56655/6119/5425/1022/5982/2966/2967/5887/5985/2068/54107/57804/3978/10714/1642
KEGG_T_CELL_RECEPTOR_SIGNALING_PATHWAY,KEGG_T_CELL_RECEPTOR_SIGNALING_PATHWAY,KEGG_T_CELL_RECEPTOR_SIGNALING_PATHWAY,108,0.440132632024,1.53299397314413,0.00273059982391303,0.0163835989434782,0.0121463014238576,8882,tags=34%, list=23%, signal=26%,3458/1437/7124/5133/29851/7410/3586/1493/4794/23624/5588/10451/3937/1019/8517/915/6300/925/4790/926/3932/917/8915/3265/4893/10298/5600/5604/920/63928/919/5530/916/7006/5970/5291/5293
KEGG_OOCYTE_MEIOSIS,KEGG_OOCYTE_MEIOSIS,KEGG_OOCYTE_MEIOSIS,113,0.430592220212148,1.51027772201991,0.00327110617077188,0.0190133046176115,0.0140958851437867,7441,tags=32%, list=19%, signal=26%,991/995/891/5347/4085/9133/9700/6790/151648/9088/9232/898/699/983/286151/815/26271/9134/10459/27127/6300/808/7531/7534/1017/10971/5528/7529/3630/246184/5518/7532/5604/9126/8697/63928
KEGG_CITRATE_CYCLE_TCA_CYCLE,KEGG_CITRATE_CYCLE_TCA_CYCLE,KEGG_CITRATE_CYCLE_TCA_CYCLE,31,0.605191540749719,1.68292544970024,0.00338013765604155,0.019051684970416,0.014124339168786,11403,tags=71%, list=29%, signal=50%,283398/55753/1737/47/6390/1431/2271/3418/4191/4190/3420/3419/5091/6391/5161/3421/1738/5105/1743/8801/48/3417
KEGG_BASE_EXCISION_REPAIR,KEGG_BASE_EXCISION_REPAIR,KEGG_BASE_EXCISION_REPAIR,35,0.590045465081897,1.68223232218495,0.00354953935416878,0.0194180682316292,0.0143959645633471,10381,tags=63%, list=27%, signal=46%,55247/100506595/2237/5424/5427/5111/56655/5425/7374/10039/328/54107/57804/3978/27301/10714/10038/7515/4595/5426/142/6996
KEGG_FOCAL_ADHESION,KEGG_FOCAL_ADHESION,KEGG_FOCAL_ADHESION,199,0.378432467062493,1.42781490941013,0.00497427768699035,0.026434732850863,0.0195979060750597,7812,tags=37%, list=20%, signal=29%,3918/284217/7424/3914/3690/3371/3909/1277/3678/1301/50509/2335/60/3381/3675/7410/5155/87/10319/85366/6696/1281/330/22798/3691/5829/399694/3655/3673/10451/3694/2318/857/5880/2316/7058/5228/1289/7791/3685/4233/1729/71/1290/58498/1291/1292/2317/3688/1280/6464/6714/1278/1282/7408/3915/7414/3265/7448/3695/5578/5582/10298/5604/2321/81/9564/29780/1284/595/2002/56034/858
KEGG_APOPTOSIS,KEGG_APOPTOSIS,KEGG_APOPTOSIS,87,0.451919993768919,1.53129980859876,0.00548808320882396,0.0268627230747699,0.0199152049960094,9280,tags=44%, list=24%, signal=33%,3552/356/7124/3553/3656/330/8743/355/8772/8517/4790/598/1439/3654/839/8797/5575/8795/4615/581/7132/8793/3563/4914/7186/63928/840/836/54205/5530/8794/5970/1676/823/5291/5293/7157/637
KEGG_STEROID_HORMONE_BIOSYNTHESIS,KEGG_STEROID_HORMONE_BIOSYNTHESIS,KEGG_STEROID_HORMONE_BIOSYNTHESIS,55,-0.498714764604613,-1.5242382708916,0.00548266392267559,0.0268627230747699,0.0199152049960094,5752,tags=35%, list=15%, signal=29%,1577/8644/7366/54575/3291/54579/7363/54657/64816/6718/1576/8630/1646/54577/1645/7367/54490/10720/6783
KEGG_CELL_ADHESION_MOLECULES_CAMS,KEGG_CELL_ADHESION_MOLECULES_CAMS,KEGG_CELL_ADHESION_MOLECULES_CAMS,131,0.409887602280673,1.46714814102252,0.00525241426742325,0.0268627230747699,0.0199152049960094,7015,tags=40%, list=18%, signal=33%,149461/29126/1000/3897/3135/941/6614/1001/9071/23562/3106/3105/80380/3134/3383/5133/9080/3107/57502/958/29851/3118/6401/6385/1493/3655/5817/80381/3684/942/3689/925/3685/926/3123/3122/5818/3117/3133/3688/3109/9672/914/9074/26047/3695/3384/7412/3111/10666/5819/6693/920
KEGG_HEMATOPOIETIC_CELL_LINEAGE,KEGG_HEMATOPOIETIC_CELL_LINEAGE,KEGG_HEMATOPOIETIC_CELL_LINEAGE,85,0.446544368559826,1.51244936088231,0.00681650321254578,0.0325094768598337,0.0241015363250606,4800,tags=39%, list=12%, signal=34%,1437/3552/1440/7124/3553/3589/3690/3559/2209/3678/4311/7850/3675/3569/3581/3574/929/3655/3673/3566/3684/924/1436/1435/915/2056/290/925/945/1438/926/3123/3122
KEGG_ONE_CARBON_POOL_BY_FOLATE,KEGG_ONE_CARBON_POOL_BY_FOLATE,KEGG_ONE_CARBON_POOL_BY_FOLATE,17,0.67231433877671,1.62594959006381,0.0125341812947547,0.0582839430206092,0.0432099407792858,5694,tags=47%, list=15%, signal=40%,7298/10797/1719/471/4522/2618/6472/25902
KEGG_PATHWAYS_IN_CANCER,KEGG_PATHWAYS_IN_CANCER,KEGG_PATHWAYS_IN_CANCER,325,0.324780116333635,1.28858409684662,0.0138310336443437,0.0627456648255593,0.0465177254790507,9061,tags=38%, list=23%, signal=29%,4312/2250/7476/3918/6772/332/8900/6513/356/284217/898/3576/7424/5888/4824/3914/1029/3909/1869/9965/4318/112399/2335/5371/3675/5155/1870/3569/1163/10319/7039/4609/330/22798/355/9134/8772/23624/3655/3673/3326/3320/2256/1436/1030/1019/5880/26281/8517/2113/5228/6688/1438/3685/4791/7475/4790/7042/598/1021/4233/675/80326/3688/3091/1017/1026/1613/7170/581/1282/7849/6921/3915/7185/1871/3265/5898/4893/5578/5582/6776/5899/2956/1855/2737/5467/2475/5604/4914/7186/10342/4436/54583/2248/1487/2246/1284/7484/595/836/54205/4437/2271/2323/5881/6932/2535/5970/5154/7040/7184/8453/1495/5468/1499/3066/5291/5293/3065/7157/4088/650/2253
KEGG_GALACTOSE_METABOLISM,KEGG_GALACTOSE_METABOLISM,KEGG_GALACTOSE_METABOLISM,25,0.586400653722404,1.55696964548178,0.0168812961810253,0.0747600259445404,0.0554248070103837,10450,tags=64%, list=27%, signal=47%,3101/55276/5214/57818/2683/3099/2717/2582/2584/5213/5236/231/5211/3098/2592/8704
KEGG_ARACHIDONIC_ACID_METABOLISM,KEGG_ARACHIDONIC_ACID_METABOLISM,KEGG_ARACHIDONIC_ACID_METABOLISM,58,-0.469004832065507,-1.45601131426182,0.0178104819815085,0.0752897647400134,0.055817539224345,6080,tags=41%, list=16%, signal=35%,113612/8644/2686/1558/2053/27306/5319/4056/1571/5321/5740/100137049/8398/1579/1562/247/284541/5730/8681/1557/246/8399/50487/124975
KEGG_VASCULAR_SMOOTH_MUSCLE_CONTRACTION,KEGG_VASCULAR_SMOOTH_MUSCLE_CONTRACTION,KEGG_VASCULAR_SMOOTH_MUSCLE_CONTRACTION,115,-0.402432875921955,-1.38732482295299,0.0174922019181399,0.0752897647400134,0.055817539224345,7594,tags=35%, list=20%, signal=28%,185/51806/5583/72/163688/4882/5568/5581/2776/5613/2982/2977/5332/5330/5592/10335/94274/673/778/4638/5319/27094/4660/775/5321/148/10203/100137049/115/8398/1579/284541/8681/8399/50487/10242/111/776/108/4629
KEGG_RNA_DEGRADATION,KEGG_RNA_DEGRADATION,KEGG_RNA_DEGRADATION,59,0.455069104603432,1.43555542845984,0.0216619545128886,0.0895360786532727,0.0663793226008983,11051,tags=47%, list=29%, signal=34%,2023/3329/219988/54512/87178/11157/23019/5393/56915/3313/57819/57472/5394/6499/196513/10200/23404/80153/27257/23644/28960/9125/22803/25904/27258/23517/55802/23658
KEGG_FRUCTOSE_AND_MANNOSE_METABOLISM,KEGG_FRUCTOSE_AND_MANNOSE_METABOLISM,KEGG_FRUCTOSE_AND_MANNOSE_METABOLISM,34,0.545900635541969,1.54466305272596,0.0231498086253622,0.0936057479199428,0.0693964514856395,8955,tags=53%, list=23%, signal=41%,57016/3101/5210/7167/5214/6652/3099/226/7264/5207/2762/5213/29925/29926/231/4351/5211/8898
KEGG_AMINO_SUGAR_AND_NUCLEOTIDE_SUGAR_METABOLISM,KEGG_AMINO_SUGAR_AND_NUCLEOTIDE_SUGAR_METABOLISM,KEGG_AMINO_SUGAR_AND_NUCLEOTIDE_SUGAR_METABOLISM,44,0.495877542508114,1.47432812118096,0.0240167402045786,0.0950449718734388,0.0704634483045868,10329,tags=52%, list=27%, signal=38%,3101/55276/9945/64841/7358/3099/55907/10007/7264/2582/2821/2584/2762/5236/51005/29925/29926/4351/132789/5973/3098/2592/3074
KEGG_BIOSYNTHESIS_OF_UNSATURATED_FATTY_ACIDS,KEGG_BIOSYNTHESIS_OF_UNSATURATED_FATTY_ACIDS,KEGG_BIOSYNTHESIS_OF_UNSATURATED_FATTY_ACIDS,22,0.599384738388766,1.54000010517817,0.0261891267712276,0.101482866238507,0.0752363071717285,4576,tags=41%, list=12%, signal=36%,79071/122970/6319/11332/9200/3992/9415/641371/8310
KEGG_FATTY_ACID_METABOLISM,KEGG_FATTY_ACID_METABOLISM,KEGG_FATTY_ACID_METABOLISM,42,-0.517137603799077,-1.49802976280525,0.0286141726125937,0.10861706338658,0.0805253837217998,3362,tags=26%, list=9%, signal=24%,36/224/33/131/1579/127/23305/284541/124/126/125
KEGG_GLYOXYLATE_AND_DICARBOXYLATE_METABOLISM,KEGG_GLYOXYLATE_AND_DICARBOXYLATE_METABOLISM,KEGG_GLYOXYLATE_AND_DICARBOXYLATE_METABOLISM,16,0.6558918441279,1.56149738536154,0.0310010526638074,0.115323915909363,0.0854976399780792,8623,tags=56%, list=22%, signal=44%,10797/4522/25902/132158/1431/283871/9380/4191/4190
KEGG_MELANOGENESIS,KEGG_MELANOGENESIS,KEGG_MELANOGENESIS,101,-0.389356951509724,-1.31593134109171,0.0316367954130776,0.115381253859459,0.085540148588507,7404,tags=34%, list=19%, signal=27%,51806/163688/4254/1910/5568/8322/1387/8321/8325/2776/8324/64764/83439/5613/7299/5332/5330/7471/7474/7472/51176/7306/115/816/7481/54361/8326/7976/1638/111/5443/7482/108/3815
KEGG_SYSTEMIC_LUPUS_ERYTHEMATOSUS,KEGG_SYSTEMIC_LUPUS_ERYTHEMATOSUS,KEGG_SYSTEMIC_LUPUS_ERYTHEMATOSUS,137,0.368141856999667,1.32422885228376,0.0336506365995363,0.120365738606034,0.0892354938165842,9237,tags=46%, list=24%, signal=35%,3458/941/7124/286436/2214/735/2209/713/714/723790/958/712/3586/6737/87/8370/3118/8336/8329/2903/8347/3015/942/8340/8348/3014/2212/8357/158983/3123/3122/3117/8358/6741/440093/8337/3109/2215/6628/8362/3111/716/715/333932/8332/6632/9555/81/85236/3113/717/8351/8341/554313/8331/653604/3108/8294/3013/3115/8356/8345/391769
KEGG_CYSTEINE_AND_METHIONINE_METABOLISM,KEGG_CYSTEINE_AND_METHIONINE_METABOLISM,KEGG_CYSTEINE_AND_METHIONINE_METABOLISM,34,0.521333086433949,1.47514749818642,0.0363998303497404,0.127742800850032,0.0947046231542402,6111,tags=44%, list=16%, signal=37%,259307/875/10993/4143/1789/3939/4507/6723/2805/191/3945/92483/6611/6898/2806
KEGG_UBIQUITIN_MEDIATED_PROTEOLYSIS,KEGG_UBIQUITIN_MEDIATED_PROTEOLYSIS,KEGG_UBIQUITIN_MEDIATED_PROTEOLYSIS,135,0.364684419473325,1.30901113000715,0.040777259831201,0.140455006085248,0.10412906506603,10369,tags=38%, list=27%, signal=28%,11065/991/9246/27338/5371/672/330/23624/3093/7325/389898/4734/7318/10477/10055/26232/6921/65264/7324/55236/246184/9040/54926/7321/27339/8697/7323/9021/997/55958/378884/1642/10075/64682/140739/8453/83737/51366/9354/29945/10393/9320/10054/7326/9820/9039/996/7332/11059/329/9690
KEGG_PENTOSE_PHOSPHATE_PATHWAY,KEGG_PENTOSE_PHOSPHATE_PATHWAY,KEGG_PENTOSE_PHOSPHATE_PATHWAY,27,0.549835332308401,1.4695422273402,0.0427300879041762,0.144505388185032,0.10713189503248,8312,tags=59%, list=21%, signal=47%,55276/5214/2539/64080/729020/226/2821/6120/5226/5213/5236/7086/51071/5631/6888/5211
KEGG_ALDOSTERONE_REGULATED_SODIUM_REABSORPTION,KEGG_ALDOSTERONE_REGULATED_SODIUM_REABSORPTION,KEGG_ALDOSTERONE_REGULATED_SODIUM_REABSORPTION,42,-0.495651018848778,-1.43578802381716,0.0516723250592411,0.168614955456471,0.12500599414147,7793,tags=50%, list=20%, signal=40%,9351/23439/3758/5294/6340/481/8660/8503/5295/3643/3291/8471/53828/6446/6337/23327/3479/482/4306/6338/477
KEGG_BLADDER_CANCER,KEGG_BLADDER_CANCER,KEGG_BLADDER_CANCER,42,0.48053853447561,1.41926350686636,0.0509386343570408,0.168614955456471,0.12500599414147,6193,tags=38%, list=16%, signal=32%,4312/3576/7424/1890/1029/1869/4318/1870/4609/1019/5228/1026/1613/1871/3265/4893
KEGG_CHRONIC_MYELOID_LEUKEMIA,KEGG_CHRONIC_MYELOID_LEUKEMIA,KEGG_CHRONIC_MYELOID_LEUKEMIA,73,0.410376600424072,1.34119146269616,0.054989816700611,0.173357727225655,0.128522140727565,9021,tags=40%, list=23%, signal=31%,1029/1869/1870/4609/399694/23624/1019/8517/4790/7042/598/1021/6464/1026/1871/3265/4893/6776/5604/1487/595/5970/7040/3066/5291/5293/3065/7157/4088
KEGG_OLFACTORY_TRANSDUCTION,KEGG_OLFACTORY_TRANSDUCTION,KEGG_OLFACTORY_TRANSDUCTION,387,-0.301297213933102,-1.18029514611061,0.054249547920434,0.173357727225655,0.128522140727565,10742,tags=25%, list=28%, signal=18%,390429/26531/441639/285659/391192/283160/79310/347169/26476/138881/390072/158131/219487/401427/283159/26534/390084/127077/5132/26648/144124/219982/5567/219447/390075/392390/127062/283297/26493/286365/390275/26333/441933/120775/390059/254973/390058/51806/81697/119682/219865/163688/127069/392309/4994/23538/390077/138883/390174/5568/442186/1258/390439/219968/341416/157/26689/5613/120776/126370/442361/5592/7932/402135/79473/282763/340980/341799/122748/390442/1179/26664/219960/390066/121275/390327/26248/402317/26659/816/79290/143502/387748/346528/3000/5137/390037/390083/346525/79339/135941/1261/144125/347168/341276
KEGG_NITROGEN_METABOLISM,KEGG_NITROGEN_METABOLISM,KEGG_NITROGEN_METABOLISM,23,-0.552945681062311,-1.41986201261729,0.0575815738963532,0.178502879078695,0.132336599656531,5212,tags=52%, list=13%, signal=45%,1373/2752/377677/440/763/11238/766/765/27165/759/3034/761
KEGG_ALANINE_ASPARTATE_AND_GLUTAMATE_METABOLISM,KEGG_ALANINE_ASPARTATE_AND_GLUTAMATE_METABOLISM,KEGG_ALANINE_ASPARTATE_AND_GLUTAMATE_METABOLISM,32,0.488788522334563,1.37557658692839,0.0619834710743802,0.188998780653028,0.140117941514129,6342,tags=44%, list=16%, signal=37%,259307/189/2571/9945/91703/8528/5471/790/2805/64902/2747/8659/2806/2572
KEGG_LYSOSOME,KEGG_LYSOSOME,KEGG_LYSOSOME,121,0.359338078669944,1.27368802448006,0.0668058455114822,0.200417536534447,0.148583459456777,7963,tags=32%, list=21%, signal=26%,1515/1514/245972/1508/1510/968/1212/130340/5476/1521/5660/54/1075/2717/1174/53/8120/768239/7805/9374/1509/10312/23457/411/9179/1522/2581/967/23659/2629/1520/4074/2760/51172/1200/57192/5641/1519/51606
KEGG_RNA_POLYMERASE,KEGG_RNA_POLYMERASE,KEGG_RNA_POLYMERASE,29,0.501107950759756,1.35508722627317,0.0807860262008734,0.222279129321383,0.164790978727228,12409,tags=59%, list=32%, signal=40%,10622/25885/11128/64425/5430/30834/5438/5436/84172/5431/661/5441/55703/5440/9533/5432/10621
KEGG_PROGESTERONE_MEDIATED_OOCYTE_MATURATION,KEGG_PROGESTERONE_MEDIATED_OOCYTE_MATURATION,KEGG_PROGESTERONE_MEDIATED_OOCYTE_MATURATION,85,0.391464615715185,1.32589379585278,0.0767716535433071,0.222279129321383,0.164790978727228,3881,tags=19%, list=10%, signal=17%,995/890/891/5347/8900/993/4085/9133/9088/699/983/85417/3326/3320/10459/6300
KEGG_TYROSINE_METABOLISM,KEGG_TYROSINE_METABOLISM,KEGG_TYROSINE_METABOLISM,42,-0.455795939783702,-1.32033694425954,0.0815533980582524,0.222279129321383,0.164790978727228,5674,tags=38%, list=15%, signal=33%,4129/7299/218/1644/7306/131/7173/8639/127/316/5409/124/4128/1638/126/125
KEGG_PANCREATIC_CANCER,KEGG_PANCREATIC_CANCER,KEGG_PANCREATIC_CANCER,70,0.405182189671325,1.3202724968201,0.0848484848484849,0.222279129321383,0.164790978727228,9021,tags=40%, list=23%, signal=31%,6772/7424/5888/1029/1869/1870/7039/1019/5880/8517/5228/4790/7042/598/1021/675/1871/5898/5899/5604/595/5881/5970/7040/5291/5293/7157/4088
KEGG_GLYCOLYSIS_GLUCONEOGENESIS,KEGG_GLYCOLYSIS_GLUCONEOGENESIS,KEGG_GLYCOLYSIS_GLUCONEOGENESIS,61,0.41060041864401,1.31058933649073,0.0840163934426229,0.222279129321383,0.164790978727228,6976,tags=46%, list=18%, signal=38%,3101/5313/2597/5315/55276/2023/441531/3939/222/5223/7167/5214/219/5230/57818/501/3099/130589/226/5232/3945/92483/2821/130/669/1737/5213/5236
KEGG_ERBB_SIGNALING_PATHWAY,KEGG_ERBB_SIGNALING_PATHWAY,KEGG_ERBB_SIGNALING_PATHWAY,87,0.385971534135826,1.30783799012215,0.0846774193548387,0.222279129321383,0.164790978727228,6783,tags=25%, list=18%, signal=21%,2069/374/10718/815/7039/4609/399694/23624/1839/1978/6464/6714/1026/685/3265/4893/5578/5582/6776/10298/2475/5604
KEGG_LONG_TERM_DEPRESSION,KEGG_LONG_TERM_DEPRESSION,KEGG_LONG_TERM_DEPRESSION,70,-0.411199675348729,-1.30728334556808,0.0769230769230769,0.222279129321383,0.164790978727228,5963,tags=30%, list=15%, signal=25%,2776/2982/2977/5332/5330/5592/673/5319/4842/2911/10842/2781/5321/100137049/2895/8398/3479/8681/8399/50487/2890
KEGG_COMPLEMENT_AND_COAGULATION_CASCADES,KEGG_COMPLEMENT_AND_COAGULATION_CASCADES,KEGG_COMPLEMENT_AND_COAGULATION_CASCADES,69,0.401946748600227,1.30506061001381,0.0809716599190283,0.222279129321383,0.164790978727228,4328,tags=30%, list=11%, signal=27%,5328/5104/5054/5265/629/5329/623/735/713/714/2161/2243/2266/2153/712/719/725/624/5340/2147/728
KEGG_BASAL_CELL_CARCINOMA,KEGG_BASAL_CELL_CARCINOMA,KEGG_BASAL_CELL_CARCINOMA,55,-0.426392028968536,-1.30319592497372,0.0843137254901961,0.222279129321383,0.164790978727228,6622,tags=36%, list=17%, signal=30%,8322/64399/8321/6608/8325/8324/83439/7471/7474/7472/51176/2736/5727/8313/6469/7481/54361/8326/7976/7482
KEGG_HUNTINGTONS_DISEASE,KEGG_HUNTINGTONS_DISEASE,KEGG_HUNTINGTONS_DISEASE,176,0.323585275763098,1.20239072696245,0.0919037199124726,0.237417943107221,0.176014434335291,13571,tags=50%, list=35%, signal=33%,170712/84699/125965/729317/7416/7052/6648/3064/5481/1537/2915/1175/341947/506/1212/160/4726/7417/581/10488/7350/7384/440567/292/6390/163/5430/4709/7386/518/5331/836/54205/1173/7419/5438/2876/7019/5436/4702/4712/5468/5431/3066/3065/7157/1211/1639/4720/9377/4704/5441/23186/5440/27113/4706/6391/25942/4722/4724/515/4725/1213/9167/374291/10126/4719/513/509/539/5432/6647/84701/4695/516/4728/7388/4696/514/5433/10476/6908/6875/4723/522/1327/10540/27089
KEGG_TRYPTOPHAN_METABOLISM,KEGG_TRYPTOPHAN_METABOLISM,KEGG_TRYPTOPHAN_METABOLISM,40,0.44304619185156,1.29025064542193,0.102083333333333,0.260102739726027,0.192832251862533,3910,tags=28%, list=10%, signal=25%,3620/7453/259307/6999/8942/8564/55753/219/39/26/501
KEGG_PENTOSE_AND_GLUCURONATE_INTERCONVERSIONS,KEGG_PENTOSE_AND_GLUCURONATE_INTERCONVERSIONS,KEGG_PENTOSE_AND_GLUCURONATE_INTERCONVERSIONS,28,-0.490421726946177,-1.31311677621189,0.104562737642586,0.262819854074607,0.194846637712357,5523,tags=39%, list=14%, signal=34%,7366/51084/54575/51181/54579/7363/54657/54577/7367/54490/10720
KEGG_NEUROACTIVE_LIGAND_RECEPTOR_INTERACTION,KEGG_NEUROACTIVE_LIGAND_RECEPTOR_INTERACTION,KEGG_NEUROACTIVE_LIGAND_RECEPTOR_INTERACTION,272,0.291141899374207,1.13778230687993,0.108225108225108,0.268398268398268,0.198982304245462,4715,tags=24%, list=12%, signal=21%,5645/3352/5644/4923/2555/5646/2847/134/5031/2358/3274/5724/6752/2359/5540/623/3001/6753/3363/55584/147/2566/2918/2914/2560/3269/6915/3972/2831/1138/2742/5030/2568/719/1132/2903/116443/2357/2862/1143/9568/155/2859/5617/4543/624/55879/4159/5021/3952/2915/53637/2151/53829/8973/5340/2147/728/5029/9002/1903/187/136/146
KEGG_LINOLEIC_ACID_METABOLISM,KEGG_LINOLEIC_ACID_METABOLISM,KEGG_LINOLEIC_ACID_METABOLISM,29,-0.486983088989269,-1.32868305623506,0.112132352941176,0.270865164247517,0.200811185718307,5161,tags=48%, list=13%, signal=42%,1558/5319/1571/5321/100137049/64816/1576/8398/1562/8681/1557/246/8399/50487
KEGG_PURINE_METABOLISM,KEGG_PURINE_METABOLISM,KEGG_PURINE_METABOLISM,159,0.319757105056624,1.17900765402217,0.112068965517241,0.270865164247517,0.200811185718307,10163,tags=45%, list=26%, signal=33%,6241/7498/4907/205/5313/5315/10622/4860/5557/100/10606/5424/5471/471/5427/2618/29922/4830/2766/6240/954/87178/26289/5148/25885/5167/3251/5558/318/272/124583/11128/23649/56655/4831/5425/5158/50940/8382/8833/64425/5430/54107/51251/57804/3615/353/30834/30833/5631/10714/132/122622/5438/114/5436/84172/5145/9061/5431/957/113/5150/9060/661/5441/5147/5426/55703/109/5440
KEGG_BASAL_TRANSCRIPTION_FACTORS,KEGG_BASAL_TRANSCRIPTION_FACTORS,KEGG_BASAL_TRANSCRIPTION_FACTORS,35,0.453934720439267,1.29417765930789,0.113684210526316,0.271093117408907,0.200980183251651,13694,tags=63%, list=35%, signal=41%,6880/2966/2967/54457/6873/6878/6884/2961/6877/2963/2962/2960/6879/6883/2959/27097/10629/2965/6908/6875/9569/2958
KEGG_ABC_TRANSPORTERS,KEGG_ABC_TRANSPORTERS,KEGG_ABC_TRANSPORTERS,44,-0.42983998458009,-1.25691953387237,0.120857699805068,0.281979405034325,0.209050945441407,4280,tags=30%, list=11%, signal=26%,10347/368/23460/10257/10057/154664/10350/1080/23461/10349/10351/94160/6833
KEGG_REGULATION_OF_ACTIN_CYTOSKELETON,KEGG_REGULATION_OF_ACTIN_CYTOSKELETON,KEGG_REGULATION_OF_ACTIN_CYTOSKELETON,213,0.307572374532077,1.1624817394068,0.121281464530892,0.281979405034325,0.209050945441407,9546,tags=39%, list=25%, signal=30%,2250/81624/3690/623/9965/9087/3678/128239/2335/60/3675/7410/5155/87/85366/929/1132/3691/5829/3655/375189/3673/10451/6237/2256/3694/3684/624/2245/3689/5880/1072/26281/4478/5216/3685/2147/1729/71/58498/3688/2768/22808/1073/79837/7414/3265/4893/3695/4627/3630/10298/5962/5604/10788/81/8936/2248/5217/9564/2246/10095/56034/3687/3681/10109/10093/5881/23191/54434/5154/55970/3071/3984/10627/5291/5293/2253/5499/4659/7074/4633/55740/6548
KEGG_REGULATION_OF_AUTOPHAGY,KEGG_REGULATION_OF_AUTOPHAGY,KEGG_REGULATION_OF_AUTOPHAGY,35,0.443549708818339,1.26456976763031,0.136842105263158,0.314230019493177,0.232960569063986,6637,tags=17%, list=17%, signal=14%,3458/3439/441925/10533/3630/11337
KEGG_GNRH_SIGNALING_PATHWAY,KEGG_GNRH_SIGNALING_PATHWAY,KEGG_GNRH_SIGNALING_PATHWAY,101,-0.351906274890522,-1.18935720669599,0.138996138996139,0.315283925040023,0.233741902548064,5549,tags=27%, list=14%, signal=23%,51806/163688/5608/5568/2776/5613/5332/5330/778/5319/2796/775/5321/100137049/115/816/1081/8398/2798/5602/2797/8681/8399/50487/111/776/108
KEGG_PRION_DISEASES,KEGG_PRION_DISEASES,KEGG_PRION_DISEASES,35,0.436934179666943,1.24570875161472,0.143157894736842,0.320811667723526,0.23784000266996,5979,tags=37%, list=15%, signal=31%,3552/3553/6352/735/713/714/712/3569/10963/3303/3309/581/3915
KEGG_PARKINSONS_DISEASE,KEGG_PARKINSONS_DISEASE,KEGG_PARKINSONS_DISEASE,117,0.332544606493875,1.17146246198099,0.147679324894515,0.327004219409283,0.24243097194463,12020,tags=44%, list=31%, signal=30%,2861/9246/170712/7054/7345/125965/729317/7416/5481/1537/341947/506/6570/7318/4726/7417/7384/27429/440567/292/6390/11315/4709/7386/518/836/54205/7419/4702/4712/7314/4720/6622/7326/9377/4704/7332/4706/6391/4722/4724/515/4725/9167/374291/7317/65018/4719/513/509/539
KEGG_ASCORBATE_AND_ALDARATE_METABOLISM,KEGG_ASCORBATE_AND_ALDARATE_METABOLISM,KEGG_ASCORBATE_AND_ALDARATE_METABOLISM,25,-0.47829459784991,-1.2437193064934,0.154142581888247,0.333378142223417,0.247156404251656,5523,tags=40%, list=14%, signal=34%,7366/54575/54579/7363/224/54657/54577/7367/54490/10720
KEGG_VIRAL_MYOCARDITIS,KEGG_VIRAL_MYOCARDITIS,KEGG_VIRAL_MYOCARDITIS,68,0.368933092508633,1.19471070513934,0.153846153846154,0.333378142223417,0.247156404251656,4889,tags=32%, list=13%, signal=28%,4625/22989/3135/941/3106/5551/3105/3134/3383/3107/958/60/3118/942/857/3689/5880/71/3123/3122/3117/3133
KEGG_N_GLYCAN_BIOSYNTHESIS,KEGG_N_GLYCAN_BIOSYNTHESIS,KEGG_N_GLYCAN_BIOSYNTHESIS,46,0.400829602303821,1.20499204651816,0.158110882956879,0.334227576432476,0.247786148911457,12089,tags=57%, list=31%, signal=39%,146664/84920/2683/11282/23193/8813/4245/4124/1798/1603/3703/91869/440138/6184/4247/144245/6185/57171/10195/8704/1650/11253/7991/56052/79053/2530
KEGG_ENDOCYTOSIS,KEGG_ENDOCYTOSIS,KEGG_ENDOCYTOSIS,181,0.304789013142653,1.13467254495175,0.158129175946548,0.334227576432476,0.247786148911457,7089,tags=26%, list=18%, signal=21%,3135/3310/3106/3105/3559/3134/1234/3560/3107/3312/9829/6457/55040/30011/23624/155/10938/2868/1436/8853/3303/1175/3561/1212/160/4734/4233/3949/3133/6714/92421/51510/116984/30844/50807/3306/3265/3304/93343/6456/30846/7037/163/11031/4914/6455/2321
KEGG_LEUKOCYTE_TRANSENDOTHELIAL_MIGRATION,KEGG_LEUKOCYTE_TRANSENDOTHELIAL_MIGRATION,KEGG_LEUKOCYTE_TRANSENDOTHELIAL_MIGRATION,116,0.329094342496947,1.15982587237797,0.164241164241164,0.343245579200635,0.254471821591869,8882,tags=35%, list=23%, signal=27%,149461/9071/23562/4318/3383/9080/60/7410/87/1536/5829/10451/3684/4688/3689/5880/4478/6300/71/58498/3688/653361/7408/7414/9074/5578/27035/5582/7412/5600/2771/81/9564/2773/1495/6494/4689/1499/10627/5291/5293
KEGG_DILATED_CARDIOMYOPATHY,KEGG_DILATED_CARDIOMYOPATHY,KEGG_DILATED_CARDIOMYOPATHY,90,-0.351224605072979,-1.16801991249851,0.171206225680934,0.353826199740597,0.262315971511138,6650,tags=36%, list=17%, signal=30%,5568/781/1756/70/27091/5350/5613/3908/778/7139/784/55799/782/10368/8515/6444/775/783/7273/115/6445/6442/6262/3479/3680/1674/111/8516/776/108/785/9254
KEGG_PATHOGENIC_ESCHERICHIA_COLI_INFECTION,KEGG_PATHOGENIC_ESCHERICHIA_COLI_INFECTION,KEGG_PATHOGENIC_ESCHERICHIA_COLI_INFECTION,56,0.371556274133899,1.16598151868697,0.182926829268293,0.373894398284642,0.277193922893538,8803,tags=39%, list=23%, signal=30%,10381/84790/60/929/10376/84617/3875/203068/7277/71/4691/3688/7534/10971/79861/5578/23643/10095/10109/10093/7099/1499
KEGG_PORPHYRIN_AND_CHLOROPHYLL_METABOLISM,KEGG_PORPHYRIN_AND_CHLOROPHYLL_METABOLISM,KEGG_PORPHYRIN_AND_CHLOROPHYLL_METABOLISM,41,-0.411780607809645,-1.19458938106323,0.188571428571429,0.381242236024845,0.28264138607388,5523,tags=24%, list=14%, signal=21%,7366/212/54575/54579/7363/54657/54577/7367/54490/10720
KEGG_NON_HOMOLOGOUS_END_JOINING,KEGG_NON_HOMOLOGOUS_END_JOINING,KEGG_NON_HOMOLOGOUS_END_JOINING,13,0.551180820549707,1.2698167696738,0.194274028629857,0.385892116182573,0.286088665647521,7977,tags=54%, list=21%, signal=43%,2237/79840/5591/7518/10111/2547/7520
KEGG_GLIOMA,KEGG_GLIOMA,KEGG_GLIOMA,65,0.356519591966147,1.14714236219367,0.195020746887967,0.385892116182573,0.286088665647521,8988,tags=37%, list=23%, signal=28%,1029/1869/815/5155/1870/7039/399694/1019/808/1021/6464/1026/1871/3265/4893/5578/5582/2475/5604/595/5154/5291/5293/7157
KEGG_ASTHMA,KEGG_ASTHMA,KEGG_ASTHMA,28,0.444882088488498,1.20312269643337,0.205882352941176,0.403095975232198,0.298843082939547,7458,tags=50%, list=19%, signal=40%,7124/958/3586/2207/6356/3118/6037/3123/3122/3117/3109/3111/3596/3113
KEGG_STEROID_BIOSYNTHESIS,KEGG_STEROID_BIOSYNTHESIS,KEGG_STEROID_BIOSYNTHESIS,17,0.506778080822978,1.22561064853491,0.208677685950413,0.404313016528926,0.29974536030158,5646,tags=41%, list=15%, signal=35%,1594/1595/6713/50814/6307/1717/10682
KEGG_HEDGEHOG_SIGNALING_PATHWAY,KEGG_HEDGEHOG_SIGNALING_PATHWAY,KEGG_HEDGEHOG_SIGNALING_PATHWAY,56,-0.377181743342275,-1.15918564405524,0.219607843137255,0.421103699211643,0.312193461215197,6700,tags=32%, list=17%, signal=27%,2619/5568/64399/6608/5613/7471/656/7474/7472/2736/5727/655/6469/7481/54361/653/654/7482
KEGG_LYSINE_DEGRADATION,KEGG_LYSINE_DEGRADATION,KEGG_LYSINE_DEGRADATION,44,0.378825672811256,1.12631304016313,0.235173824130879,0.446350319268812,0.330910536639583,8022,tags=32%, list=21%, signal=25%,8424/5352/55753/219/7468/6839/39/501/8985/51268/5351/79723/55217/3030
KEGG_GLYCEROPHOSPHOLIPID_METABOLISM,KEGG_GLYCEROPHOSPHOLIPID_METABOLISM,KEGG_GLYCEROPHOSPHOLIPID_METABOLISM,76,-0.348850348800576,-1.12046983035534,0.238,0.447151515151515,0.33150451887294,8394,tags=39%, list=22%, signal=31%,9162/56994/160851/3931/154141/55500/5320/8613/54675/2819/43/10555/1606/9489/10423/8760/1119/8527/5319/8526/5321/79888/100137049/9468/8398/1607/23171/8681/8399/50487
KEGG_PANTOTHENATE_AND_COA_BIOSYNTHESIS,KEGG_PANTOTHENATE_AND_COA_BIOSYNTHESIS,KEGG_PANTOTHENATE_AND_COA_BIOSYNTHESIS,16,0.491555371078339,1.17025761727504,0.251546391752577,0.467876288659794,0.346869234943028,11452,tags=50%, list=30%, signal=35%,1806/5167/8876/586/80347/8875/55229/53354
KEGG_TERPENOID_BACKBONE_BIOSYNTHESIS,KEGG_TERPENOID_BACKBONE_BIOSYNTHESIS,KEGG_TERPENOID_BACKBONE_BIOSYNTHESIS,15,0.493180838429989,1.16690826536808,0.283975659229209,0.517837966829734,0.383909301950737,9188,tags=53%, list=24%, signal=41%,23590/39/91734/3156/4597/2224/79947/3157
KEGG_PPAR_SIGNALING_PATHWAY,KEGG_PPAR_SIGNALING_PATHWAY,KEGG_PPAR_SIGNALING_PATHWAY,69,0.333949786006807,1.08428470427433,0.281376518218623,0.517837966829734,0.383909301950737,6871,tags=28%, list=18%, signal=23%,4312/2172/6319/11001/51129/4973/336/2168/9415/10062/2171/10999/8310/5360/7350/2182/5467/51703/28965
KEGG_ALPHA_LINOLENIC_ACID_METABOLISM,KEGG_ALPHA_LINOLENIC_ACID_METABOLISM,KEGG_ALPHA_LINOLENIC_ACID_METABOLISM,19,-0.452442154372552,-1.12445700216395,0.290874524714829,0.525268559193769,0.389418116889551,4398,tags=37%, list=11%, signal=33%,5319/5321/100137049/8398/8681/8399/50487
KEGG_VALINE_LEUCINE_AND_ISOLEUCINE_BIOSYNTHESIS,KEGG_VALINE_LEUCINE_AND_ISOLEUCINE_BIOSYNTHESIS,KEGG_VALINE_LEUCINE_AND_ISOLEUCINE_BIOSYNTHESIS,11,0.533886745444607,1.16649748684846,0.298210735586481,0.533338430952745,0.395400874107581,13665,tags=82%, list=35%, signal=53%,7407/3376/23395/586/55699/5161/5162/51520/5160
KEGG_GLYCINE_SERINE_AND_THREONINE_METABOLISM,KEGG_GLYCINE_SERINE_AND_THREONINE_METABOLISM,KEGG_GLYCINE_SERINE_AND_THREONINE_METABOLISM,31,0.391125669031706,1.08764795626366,0.312368972746331,0.553339323150644,0.41022892661423,5291,tags=32%, list=14%, signal=28%,875/189/10993/63826/5723/64902/2731/29968/6472/51268
KEGG_TAURINE_AND_HYPOTAURINE_METABOLISM,KEGG_TAURINE_AND_HYPOTAURINE_METABOLISM,KEGG_TAURINE_AND_HYPOTAURINE_METABOLISM,10,-0.535548205476774,-1.12671576270306,0.325301204819277,0.570811548079109,0.423182302197868,5395,tags=50%, list=14%, signal=43%,2686/51380/570/1036/124975
KEGG_GLUTATHIONE_METABOLISM,KEGG_GLUTATHIONE_METABOLISM,KEGG_GLUTATHIONE_METABOLISM,49,-0.36022364722556,-1.07215986263673,0.331384015594542,0.576050718697054,0.427066463776537,3641,tags=18%, list=9%, signal=17%,2948/2949/2939/2947/2941/124975/2940/2946/2938
KEGG_RENIN_ANGIOTENSIN_SYSTEM,KEGG_RENIN_ANGIOTENSIN_SYSTEM,KEGG_RENIN_ANGIOTENSIN_SYSTEM,17,0.457349178211586,1.10606998235705,0.334710743801653,0.576446280991736,0.427359721618095,7603,tags=59%, list=20%, signal=47%,4311/5972/1636/290/57486/5476/7064/4142/183/2028
KEGG_AMYOTROPHIC_LATERAL_SCLEROSIS_ALS,KEGG_AMYOTROPHIC_LATERAL_SCLEROSIS_ALS,KEGG_AMYOTROPHIC_LATERAL_SCLEROSIS_ALS,53,0.336521051838932,1.04966185741024,0.344,0.587009174311927,0.435190729116369,9280,tags=43%, list=24%, signal=33%,7124/4747/4744/2903/4741/10452/6300/84134/598/834/7133/581/7132/5600/63928/836/54205/5606/2876/5530/7157/1616/637
KEGG_DRUG_METABOLISM_OTHER_ENZYMES,KEGG_DRUG_METABOLISM_OTHER_ENZYMES,KEGG_DRUG_METABOLISM_OTHER_ENZYMES,51,-0.349852102702098,-1.04724855403959,0.374015748031496,0.62113329583802,0.460489313835771,3763,tags=25%, list=10%, signal=23%,54579/7363/54657/151531/64816/1576/1066/1548/54577/7367/54490/10720/1549
KEGG_ETHER_LIPID_METABOLISM,KEGG_ETHER_LIPID_METABOLISM,KEGG_ETHER_LIPID_METABOLISM,33,-0.374740871938224,-1.04571480312335,0.36852207293666,0.62113329583802,0.460489313835771,4398,tags=24%, list=11%, signal=22%,5319/5321/79888/100137049/8398/8681/8399/50487
KEGG_PEROXISOME,KEGG_PEROXISOME,KEGG_PEROXISOME,78,0.30504314064067,1.01690880370057,0.37375745526839,0.62113329583802,0.460489313835771,9865,tags=31%, list=26%, signal=23%,7498/189/11001/8528/6648/8310/51268/2182/215/8540/51703/5052/10901/5830/2181/5192/5827/3418/10005/55825/5195/23600/10455/8309
KEGG_FOLATE_BIOSYNTHESIS,KEGG_FOLATE_BIOSYNTHESIS,KEGG_FOLATE_BIOSYNTHESIS,11,0.485636087434698,1.0610738707209,0.393638170974155,0.647293079324077,0.47988338082317,5593,tags=45%, list=14%, signal=39%,8836/1719/5860/2643/250
KEGG_GLYCEROLIPID_METABOLISM,KEGG_GLYCEROLIPID_METABOLISM,KEGG_GLYCEROLIPID_METABOLISM,49,0.334402143644576,1.02590543079621,0.396728016359918,0.647293079324077,0.47988338082317,7683,tags=35%, list=20%, signal=28%,9388/3990/80339/219/158835/129642/501/84649/84803/2717/10554/132158/5408/56894/1608/231/8525
KEGG_TYPE_II_DIABETES_MELLITUS,KEGG_TYPE_II_DIABETES_MELLITUS,KEGG_TYPE_II_DIABETES_MELLITUS,47,-0.346598176633104,-1.02107762313659,0.405825242718447,0.650719785738199,0.482423836625377,7274,tags=36%, list=19%, signal=29%,8913/8835/5294/5581/5590/8660/8503/5295/3643/3551/8471/775/5602/774/776/3767/6833
KEGG_RENAL_CELL_CARCINOMA,KEGG_RENAL_CELL_CARCINOMA,KEGG_RENAL_CELL_CARCINOMA,70,0.309752173053212,1.00931700686092,0.404040404040404,0.650719785738199,0.482423836625377,8882,tags=30%, list=23%, signal=23%,6513/7424/112399/5155/7039/2113/5228/7042/4233/3091/6921/3265/4893/10298/5604/54583/2271/7040/8453/5291/5293
KEGG_NICOTINATE_AND_NICOTINAMIDE_METABOLISM,KEGG_NICOTINATE_AND_NICOTINAMIDE_METABOLISM,KEGG_NICOTINATE_AND_NICOTINAMIDE_METABOLISM,24,0.394700147723545,1.03829827566677,0.423553719008264,0.662025140634766,0.490805282530585,7659,tags=42%, list=20%, signal=33%,23057/4907/4860/5167/10135/64802/683/4837/51251/30833
KEGG_PRIMARY_IMMUNODEFICIENCY,KEGG_PRIMARY_IMMUNODEFICIENCY,KEGG_PRIMARY_IMMUNODEFICIENCY,35,0.359806832208779,1.02581702377896,0.418947368421053,0.662025140634766,0.490805282530585,5630,tags=40%, list=15%, signal=34%,6890/6891/958/29851/100/5896/8517/915/925/3561/926/3932/3718/7374
KEGG_CALCIUM_SIGNALING_PATHWAY,KEGG_CALCIUM_SIGNALING_PATHWAY,KEGG_CALCIUM_SIGNALING_PATHWAY,178,-0.278261394611279,-1.0111382052899,0.423357664233577,0.662025140634766,0.490805282530585,7815,tags=33%, list=20%, signal=27%,5535/3360/185/51806/8913/3356/163688/1910/9630/5533/5261/2902/5731/5568/2776/5333/5136/5257/5350/6547/5613/4843/5332/5330/1131/490/778/4638/4842/2065/489/2911/2066/1133/3707/775/148/7125/1128/115/816/51196/5156/6262/8911/5023/5336/2905/5137/5024/6870/886/3357/3973/5733/22953/774/776/108
KEGG_GLYCOSPHINGOLIPID_BIOSYNTHESIS_LACTO_AND_NEOLACTO_SERIES,KEGG_GLYCOSPHINGOLIPID_BIOSYNTHESIS_LACTO_AND_NEOLACTO_SERIES,KEGG_GLYCOSPHINGOLIPID_BIOSYNTHESIS_LACTO_AND_NEOLACTO_SERIES,26,-0.383749710645242,-1.01415667134355,0.439622641509434,0.671801299600884,0.498053029132517,3960,tags=23%, list=10%, signal=21%,6487/2525/2527/2528/28/8707
KEGG_WNT_SIGNALING_PATHWAY,KEGG_WNT_SIGNALING_PATHWAY,KEGG_WNT_SIGNALING_PATHWAY,151,-0.280895881743555,-1.00749083321179,0.433579335793358,0.671801299600884,0.498053029132517,6716,tags=26%, list=17%, signal=21%,6422/23401/4041/5568/8322/1387/8321/8325/8324/4040/83439/5613/4772/4087/4089/5332/5330/57216/5525/7471/23500/7474/7472/51176/10023/9350/8313/816/7481/54361/8326/7976/894/5602/85409/80319/6424/7482/11197
KEGG_NON_SMALL_CELL_LUNG_CANCER,KEGG_NON_SMALL_CELL_LUNG_CANCER,KEGG_NON_SMALL_CELL_LUNG_CANCER,54,0.321792648662086,1.0045023904136,0.440643863179074,0.671801299600884,0.498053029132517,8988,tags=30%, list=23%, signal=23%,1029/1869/1870/7039/1019/1021/1871/3265/4893/5578/5582/5604/595/5291/5293/7157
KEGG_GLYCOSAMINOGLYCAN_BIOSYNTHESIS_CHONDROITIN_SULFATE,KEGG_GLYCOSAMINOGLYCAN_BIOSYNTHESIS_CHONDROITIN_SULFATE,KEGG_GLYCOSAMINOGLYCAN_BIOSYNTHESIS_CHONDROITIN_SULFATE,22,0.389717463046126,1.00130166092339,0.469601677148847,0.697174146866139,0.516863685565728,3702,tags=23%, list=10%, signal=21%,50515/166012/29940/51363/9469
KEGG_HYPERTROPHIC_CARDIOMYOPATHY_HCM,KEGG_HYPERTROPHIC_CARDIOMYOPATHY_HCM,KEGG_HYPERTROPHIC_CARDIOMYOPATHY_HCM,83,-0.302253396756243,-0.988671225562542,0.471400394477318,0.697174146866139,0.516863685565728,4863,tags=28%, list=13%, signal=24%,3908/778/7139/784/55799/782/10368/8515/6444/775/783/5564/7273/6445/6442/6262/3479/3680/1674/8516/776/785/9254
KEGG_INTESTINAL_IMMUNE_NETWORK_FOR_IGA_PRODUCTION,KEGG_INTESTINAL_IMMUNE_NETWORK_FOR_IGA_PRODUCTION,KEGG_INTESTINAL_IMMUNE_NETWORK_FOR_IGA_PRODUCTION,46,0.328092652047918,0.986326942836732,0.472279260780287,0.697174146866139,0.516863685565728,9134,tags=52%, list=24%, signal=40%,941/3601/10673/958/29851/3586/3569/3600/3118/942/3123/3122/3117/3109/3695/3111/3113/4055/8741/6370/7040/3108/3115/23308
KEGG_HISTIDINE_METABOLISM,KEGG_HISTIDINE_METABOLISM,KEGG_HISTIDINE_METABOLISM,29,-0.360114576498539,-0.9825354245667,0.470588235294118,0.697174146866139,0.516863685565728,7694,tags=41%, list=20%, signal=33%,51409/223/3067/84735/4129/131669/218/443/1644/224/3034/4128
KEGG_LONG_TERM_POTENTIATION,KEGG_LONG_TERM_POTENTIATION,KEGG_LONG_TERM_POTENTIATION,70,-0.306412942537429,-0.974146043053115,0.477317554240631,0.699063504635885,0.518264397890781,7815,tags=30%, list=20%, signal=24%,5535/51806/163688/2891/5533/2902/5568/6196/1387/2776/27330/5613/5332/5330/673/2911/775/6197/816/2905/2890
KEGG_GLYCOSAMINOGLYCAN_DEGRADATION,KEGG_GLYCOSAMINOGLYCAN_DEGRADATION,KEGG_GLYCOSAMINOGLYCAN_DEGRADATION,21,0.386709295305297,0.976590761183516,0.488372093023256,0.709665697674419,0.526124541003672,4048,tags=19%, list=10%, signal=17%,23553/9955/9953/8372
KEGG_MATURITY_ONSET_DIABETES_OF_THE_YOUNG,KEGG_MATURITY_ONSET_DIABETES_OF_THE_YOUNG,KEGG_MATURITY_ONSET_DIABETES_OF_THE_YOUNG,25,0.371820786975875,0.987232321802012,0.492753623188406,0.710481968318166,0.526729699205885,8157,tags=36%, list=21%, signal=28%,3172/5313/3174/389692/2494/3630/3651/3170/6927
KEGG_GLYCOSAMINOGLYCAN_BIOSYNTHESIS_HEPARAN_SULFATE,KEGG_GLYCOSAMINOGLYCAN_BIOSYNTHESIS_HEPARAN_SULFATE,KEGG_GLYCOSAMINOGLYCAN_BIOSYNTHESIS_HEPARAN_SULFATE,26,-0.368004217015991,-0.972545180924828,0.511320754716981,0.731582002902758,0.542372622412345,6397,tags=27%, list=17%, signal=22%,64579/90161/135152/9394/8509/266722/222537
KEGG_ARRHYTHMOGENIC_RIGHT_VENTRICULAR_CARDIOMYOPATHY_ARVC,KEGG_ARRHYTHMOGENIC_RIGHT_VENTRICULAR_CARDIOMYOPATHY_ARVC,KEGG_ARRHYTHMOGENIC_RIGHT_VENTRICULAR_CARDIOMYOPATHY_ARVC,74,-0.300744857489138,-0.966949861960217,0.517647058823529,0.734717227852239,0.544696982731428,4863,tags=28%, list=13%, signal=25%,3908/778/784/55799/782/10368/51176/8515/6444/775/783/88/6445/6442/6262/3680/1674/8516/776/785/9254
KEGG_ALZHEIMERS_DISEASE,KEGG_ALZHEIMERS_DISEASE,KEGG_ALZHEIMERS_DISEASE,160,0.262084948793661,0.964083532208907,0.539301310043668,0.734717227852239,0.544696982731428,9371,tags=27%, list=24%, signal=20%,7124/3553/170712/2597/125965/4311/348/355/2903/8772/1537/341947/506/808/779/4726/1020/7384/55851/7132/440567/6390/4709/7386/63928/840/518/5331/836/54205/8851/351/5530/3028/6868/4702/4712/823/488/4720/6622/637/9377
KEGG_PRIMARY_BILE_ACID_BIOSYNTHESIS,KEGG_PRIMARY_BILE_ACID_BIOSYNTHESIS,KEGG_PRIMARY_BILE_ACID_BIOSYNTHESIS,16,-0.405979328696569,-0.960328955005592,0.543520309477756,0.734717227852239,0.544696982731428,2587,tags=25%, list=7%, signal=23%,6342/6718/10858/570
KEGG_ARGININE_AND_PROLINE_METABOLISM,KEGG_ARGININE_AND_PROLINE_METABOLISM,KEGG_ARGININE_AND_PROLINE_METABOLISM,54,0.307613161063523,0.96023994611347,0.533199195171026,0.734717227852239,0.544696982731428,6419,tags=35%, list=17%, signal=29%,51056/79814/219/26/8974/162417/58510/65263/501/6723/2805/548596/2747/5033/6611/1158/8659/2806/4846
KEGG_PROSTATE_CANCER,KEGG_PROSTATE_CANCER,KEGG_PROSTATE_CANCER,89,0.281930789022871,0.956451503808986,0.536290322580645,0.734717227852239,0.544696982731428,8988,tags=35%, list=23%, signal=27%,898/4824/84699/1869/5155/1870/7039/9134/3326/3320/8517/4790/1017/1026/10488/1871/3265/4893/3630/2475/5604/595/56034/6932/5970/5154/7184/1499/5291/5293/7157
KEGG_PYRUVATE_METABOLISM,KEGG_PYRUVATE_METABOLISM,KEGG_PYRUVATE_METABOLISM,40,0.325137387307514,0.946873557520327,0.539583333333333,0.734717227852239,0.544696982731428,10950,tags=55%, list=28%, signal=39%,5313/5315/3939/219/39/501/3945/92483/1737/231/84264/9380/4191/160287/4190/4199/5091/5161/2739/10873/1738/5105
KEGG_GLYCOSPHINGOLIPID_BIOSYNTHESIS_GLOBO_SERIES,KEGG_GLYCOSPHINGOLIPID_BIOSYNTHESIS_GLOBO_SERIES,KEGG_GLYCOSPHINGOLIPID_BIOSYNTHESIS_GLOBO_SERIES,14,0.40351459141287,0.944086312071845,0.522267206477733,0.734717227852239,0.544696982731428,10329,tags=43%, list=27%, signal=31%,10690/2717/6483/8706/6482/3074
KEGG_O_GLYCAN_BIOSYNTHESIS,KEGG_O_GLYCAN_BIOSYNTHESIS,KEGG_O_GLYCAN_BIOSYNTHESIS,30,-0.341602082591264,-0.937195279093387,0.545112781954887,0.734717227852239,0.544696982731428,3004,tags=27%, list=8%, signal=25%,79695/168391/64409/442117/57452/26290/117248/55808
KEGG_MELANOMA,KEGG_MELANOMA,KEGG_MELANOMA,71,-0.291961370278339,-0.929502499514523,0.574803149606299,0.769161049113465,0.570232583100532,5705,tags=24%, list=15%, signal=20%,27006/3082/8503/673/5295/8817/2260/80310/5156/2257/2252/2258/3479/2254/2259/2255/8822
KEGG_VASOPRESSIN_REGULATED_WATER_REABSORPTION,KEGG_VASOPRESSIN_REGULATED_WATER_REABSORPTION,KEGG_VASOPRESSIN_REGULATED_WATER_REABSORPTION,44,-0.31683864545832,-0.926485894399207,0.590643274853801,0.779146447679482,0.577635453571093,6650,tags=20%, list=17%, signal=17%,5568/64764/6844/5613/361/1780/359/115/360
KEGG_BUTANOATE_METABOLISM,KEGG_BUTANOATE_METABOLISM,KEGG_BUTANOATE_METABOLISM,34,0.325735664065776,0.921691261154206,0.589473684210526,0.779146447679482,0.577635453571093,3918,tags=18%, list=10%, signal=16%,57016/2571/219/39/501/123876
KEGG_CARDIAC_MUSCLE_CONTRACTION,KEGG_CARDIAC_MUSCLE_CONTRACTION,KEGG_CARDIAC_MUSCLE_CONTRACTION,75,-0.286629387613649,-0.923161325499319,0.605522682445759,0.793149429119093,0.588016837660448,6034,tags=23%, list=16%, signal=19%,70/27091/481/778/7139/784/55799/782/10368/775/783/6262/482/477/776/785/9254
KEGG_FC_GAMMA_R_MEDIATED_PHAGOCYTOSIS,KEGG_FC_GAMMA_R_MEDIATED_PHAGOCYTOSIS,KEGG_FC_GAMMA_R_MEDIATED_PHAGOCYTOSIS,96,0.269201051323891,0.921444168777661,0.616182572614108,0.797951101928375,0.591576651684307,8882,tags=31%, list=23%, signal=24%,8877/2214/2209/7410/65108/283748/10451/8853/5880/1072/2212/4651/123745/50807/4067/653361/1073/7408/3055/5578/5582/5604/8936/10095/10109/10093/382/3984/5291/5293
KEGG_PROTEIN_EXPORT,KEGG_PROTEIN_EXPORT,KEGG_PROTEIN_EXPORT,24,0.337284705559659,0.887261203754744,0.617768595041322,0.797951101928375,0.591576651684307,9764,tags=33%, list=25%, signal=25%,653226/6731/3309/23480/29927/6729/58477/6730
KEGG_EPITHELIAL_CELL_SIGNALING_IN_HELICOBACTER_PYLORI_INFECTION,KEGG_EPITHELIAL_CELL_SIGNALING_IN_HELICOBACTER_PYLORI_INFECTION,KEGG_EPITHELIAL_CELL_SIGNALING_IN_HELICOBACTER_PYLORI_INFECTION,68,0.283795710505603,0.919011550599067,0.623481781376518,0.799776629903672,0.592930042543186,8575,tags=31%, list=22%, signal=24%,3576/6352/2919/245972/1839/8517/6300/4790/4233/6714/4067/10312/51382/5600/528/836/51606/90423/6868/5970/526
KEGG_STARCH_AND_SUCROSE_METABOLISM,KEGG_STARCH_AND_SUCROSE_METABOLISM,KEGG_STARCH_AND_SUCROSE_METABOLISM,51,-0.299153055101183,-0.895485840935492,0.661417322834646,0.842627548268795,0.624698408733516,4711,tags=22%, list=12%, signal=19%,276/54575/54579/7363/54657/57733/54577/280/7367/54490/10720
KEGG_ADHERENS_JUNCTION,KEGG_ADHERENS_JUNCTION,KEGG_ADHERENS_JUNCTION,73,0.273778250577625,0.89476118269696,0.676171079429735,0.855563406625379,0.634288660259902,9427,tags=34%, list=24%, signal=26%,6615/60/87/5880/4233/71/5818/6714/7414/117178/5819/81/8936/1459/5792/5881/6932/5770/1495/1499/4088/1460/7525/6591/2241
KEGG_TGF_BETA_SIGNALING_PATHWAY,KEGG_TGF_BETA_SIGNALING_PATHWAY,KEGG_TGF_BETA_SIGNALING_PATHWAY,86,-0.274416314502855,-0.900187210282758,0.690140845070423,0.867339170156072,0.643018852803879,7385,tags=27%, list=19%, signal=22%,657/4052/4091/269/1387/5934/4087/4089/92/10637/656/1311/8646/10468/655/3625/4093/3400/653/1634/654/151449/7044
KEGG_THYROID_CANCER,KEGG_THYROID_CANCER,KEGG_THYROID_CANCER,29,0.312881738558677,0.846089244068433,0.696506550218341,0.869464552621553,0.644594546652085,8988,tags=45%, list=23%, signal=34%,4609/7170/7849/3265/4893/5604/4914/10342/595/6932/5468/1499/7157
KEGG_TIGHT_JUNCTION,KEGG_TIGHT_JUNCTION,KEGG_TIGHT_JUNCTION,131,-0.259956594534662,-0.909170943073761,0.701348747591522,0.869672447013487,0.644748673224487,7621,tags=27%, list=20%, signal=22%,57530/9076/5583/50848/29895/154810/83700/92359/2035/4628/5581/5590/24146/55870/58494/1365/9223/79784/57644/3993/3059/260425/150084/2036/100506658/88/9863/49861/9075/4619/9073/4620/26285/4629/4626/4622
KEGG_AXON_GUIDANCE,KEGG_AXON_GUIDANCE,KEGG_AXON_GUIDANCE,129,0.252322908545474,0.897821310928626,0.733050847457627,0.896311066799601,0.664497734865579,8229,tags=32%, list=21%, signal=25%,1943/3897/8482/25791/2048/10371/22885/10509/27289/29984/10501/90249/5880/1947/1072/5361/57715/4233/3688/1020/1948/10512/1969/1073/5998/3265/4893/285220/10298/2771/2041/63928/5365/2773/56896/6405/7869/8829/219699/5530/5881
KEGG_SELENOAMINO_ACID_METABOLISM,KEGG_SELENOAMINO_ACID_METABOLISM,KEGG_SELENOAMINO_ACID_METABOLISM,26,0.312280862825524,0.829550325097262,0.73728813559322,0.896311066799601,0.664497734865579,10136,tags=35%, list=26%, signal=26%,875/4143/2678/191/4141/9061/9060/27430/51540
KEGG_BETA_ALANINE_METABOLISM,KEGG_BETA_ALANINE_METABOLISM,KEGG_BETA_ALANINE_METABOLISM,22,0.319839360187834,0.821763746693713,0.731656184486373,0.896311066799601,0.664497734865579,6342,tags=32%, list=16%, signal=27%,2571/219/501/1806/6723/6611/2572
KEGG_GAP_JUNCTION,KEGG_GAP_JUNCTION,KEGG_GAP_JUNCTION,90,-0.263228834390493,-0.875384342870806,0.752918287937743,0.9048,0.67079117147708,5963,tags=24%, list=15%, signal=21%,3356/10382/5568/2776/56604/5613/2982/2977/5332/5330/5592/81027/7278/2911/1902/80310/115/5156/3357/111/108/112714
KEGG_PHOSPHATIDYLINOSITOL_SIGNALING_SYSTEM,KEGG_PHOSPHATIDYLINOSITOL_SIGNALING_SYSTEM,KEGG_PHOSPHATIDYLINOSITOL_SIGNALING_SYSTEM,76,-0.267016407464918,-0.857628005254885,0.754,0.9048,0.67079117147708,7534,tags=47%, list=19%, signal=38%,5728/200576/5579/3708/5297/3632/5290/56623/8396/9162/5289/160851/5286/3631/3633/51806/163688/5294/1606/10423/8760/8527/5333/5288/5332/5330/8503/5295/3613/3707/8526/51196/27124/1607/5336/8395
KEGG_GLYCOSPHINGOLIPID_BIOSYNTHESIS_GANGLIO_SERIES,KEGG_GLYCOSPHINGOLIPID_BIOSYNTHESIS_GANGLIO_SERIES,KEGG_GLYCOSPHINGOLIPID_BIOSYNTHESIS_GANGLIO_SERIES,15,-0.34197995292123,-0.793401580796671,0.768172888015717,0.915898443403355,0.679019219501073,8168,tags=40%, list=21%, signal=32%,8869/27090/256435/6489/29906/30815
KEGG_MAPK_SIGNALING_PATHWAY,KEGG_MAPK_SIGNALING_PATHWAY,KEGG_MAPK_SIGNALING_PATHWAY,267,-0.237357484173719,-0.899604503035361,0.77959927140255,0.923601684591556,0.684730167976762,5961,tags=20%, list=15%, signal=17%,4208/27330/1326/27006/27091/5613/3727/1850/4803/673/778/11184/5319/8817/784/55799/782/10368/3551/9175/2261/775/783/6197/4908/2260/5321/2122/3164/100137049/10235/8398/5156/8911/23162/2257/2252/2258/4915/84867/5602/9252/8681/8399/50487/774/2254/2259/776/2255/785/8822/2263/9254
KEGG_GLYCOSAMINOGLYCAN_BIOSYNTHESIS_KERATAN_SULFATE,KEGG_GLYCOSAMINOGLYCAN_BIOSYNTHESIS_KERATAN_SULFATE,KEGG_GLYCOSAMINOGLYCAN_BIOSYNTHESIS_KERATAN_SULFATE,15,0.323614272265325,0.765699191192507,0.791075050709939,0.931265566025625,0.690411936329127,10450,tags=40%, list=27%, signal=29%,10164/2683/4166/6483/6482/8704
KEGG_FC_EPSILON_RI_SIGNALING_PATHWAY,KEGG_FC_EPSILON_RI_SIGNALING_PATHWAY,KEGG_FC_EPSILON_RI_SIGNALING_PATHWAY,79,-0.257192742927394,-0.833196310533808,0.824110671936759,0.954850895354328,0.707897381388891,5095,tags=19%, list=13%, signal=17%,9846/8503/5295/5319/5321/100137049/3567/8398/5336/5602/2206/2205/8681/8399/50487
KEGG_MTOR_SIGNALING_PATHWAY,KEGG_MTOR_SIGNALING_PATHWAY,KEGG_MTOR_SIGNALING_PATHWAY,52,-0.267707585612704,-0.805946292944285,0.81980198019802,0.954850895354328,0.707897381388891,6883,tags=27%, list=18%, signal=22%,9706/7249/5294/7248/5562/6196/27330/8503/673/5295/92335/6197/3479/2277
KEGG_VALINE_LEUCINE_AND_ISOLEUCINE_DEGRADATION,KEGG_VALINE_LEUCINE_AND_ISOLEUCINE_DEGRADATION,KEGG_VALINE_LEUCINE_AND_ISOLEUCINE_DEGRADATION,44,-0.271601906101237,-0.794206573288222,0.826510721247563,0.954850895354328,0.707897381388891,10818,tags=43%, list=28%, signal=31%,3033/217/38/3712/1629/64064/26275/223/594/5095/84693/27034/4329/36/224/56922/18/3158/316
KEGG_SNARE_INTERACTIONS_IN_VESICULAR_TRANSPORT,KEGG_SNARE_INTERACTIONS_IN_VESICULAR_TRANSPORT,KEGG_SNARE_INTERACTIONS_IN_VESICULAR_TRANSPORT,38,0.267600529132596,0.773914254376486,0.85625,0.963485419605485,0.714298754772601,11704,tags=39%, list=30%, signal=28%,6804/53407/662/10652/112755/2054/10791/9341/8676/9342/143187/6616/116841/9482/6809
KEGG_PROPANOATE_METABOLISM,KEGG_PROPANOATE_METABOLISM,KEGG_PROPANOATE_METABOLISM,33,-0.27372722078394,-0.763836101760381,0.859884836852207,0.963485419605485,0.714298754772601,8421,tags=36%, list=22%, signal=28%,26275/23417/223/55902/5095/84693/3948/4329/224/32/18/84532
KEGG_PROXIMAL_TUBULE_BICARBONATE_RECLAMATION,KEGG_PROXIMAL_TUBULE_BICARBONATE_RECLAMATION,KEGG_PROXIMAL_TUBULE_BICARBONATE_RECLAMATION,23,-0.29594384429003,-0.759928934733804,0.848368522072937,0.963485419605485,0.714298754772601,3048,tags=26%, list=8%, signal=24%,8671/23439/481/27165/482/477
KEGG_PHENYLALANINE_METABOLISM,KEGG_PHENYLALANINE_METABOLISM,KEGG_PHENYLALANINE_METABOLISM,18,0.306247444769391,0.751345880027115,0.847599164926931,0.963485419605485,0.714298754772601,6111,tags=33%, list=16%, signal=28%,259307/222/3242/2805/6898/2806
KEGG_SULFUR_METABOLISM,KEGG_SULFUR_METABOLISM,KEGG_SULFUR_METABOLISM,13,0.298394685429481,0.687445138533669,0.858895705521472,0.963485419605485,0.714298754772601,1644,tags=15%, list=4%, signal=15%,50515/166012
KEGG_ADIPOCYTOKINE_SIGNALING_PATHWAY,KEGG_ADIPOCYTOKINE_SIGNALING_PATHWAY,KEGG_ADIPOCYTOKINE_SIGNALING_PATHWAY,66,0.24610807852762,0.792909922634469,0.885892116182573,0.980809128630705,0.72714202518745,7995,tags=30%, list=21%, signal=24%,6513/7124/4794/5588/57818/8517/3952/4790/7133/2182/7132/3717/2475/51703/7186/9021/3667/126129/53632/2181
KEGG_COLORECTAL_CANCER,KEGG_COLORECTAL_CANCER,KEGG_COLORECTAL_CANCER,62,-0.251669587828289,-0.782282432638941,0.882692307692308,0.980809128630705,0.72714202518745,7840,tags=24%, list=20%, signal=19%,324/5900/2353/5294/83439/4087/4089/8503/673/5295/51176/8313/5602/1630/596
KEGG_ACUTE_MYELOID_LEUKEMIA,KEGG_ACUTE_MYELOID_LEUKEMIA,KEGG_ACUTE_MYELOID_LEUKEMIA,57,0.246121320952446,0.771668211554086,0.892339544513458,0.982101510529604,0.728100157778031,8882,tags=33%, list=23%, signal=26%,8900/5371/4609/5292/8517/1978/6688/4790/3265/4893/6776/5467/2475/5604/595/6932/5970/5291/5293
KEGG_INSULIN_SIGNALING_PATHWAY,KEGG_INSULIN_SIGNALING_PATHWAY,KEGG_INSULIN_SIGNALING_PATHWAY,136,-0.230269927472639,-0.811675615374373,0.922330097087379,0.985549132947977,0.730656120068959,9517,tags=32%, list=25%, signal=24%,5256/5170/2645/5567/51422/5506/6655/5837/5584/10580/7249/53358/51806/163688/8835/5261/5294/7248/5562/5568/8789/5509/25759/5590/5257/5613/2308/10891/8660/8503/673/5295/3643/3551/8471/3991/5139/5564/5507/79660/32/5602/5140
KEGG_NOTCH_SIGNALING_PATHWAY,KEGG_NOTCH_SIGNALING_PATHWAY,KEGG_NOTCH_SIGNALING_PATHWAY,47,0.246420529275811,0.746799153276112,0.930184804928131,0.985549132947977,0.730656120068959,8897,tags=32%, list=23%, signal=25%,151636/171558/55851/1855/113878/3516/1487/22938/182/3714/6868/11317/3066/54567/3065
KEGG_DORSO_VENTRAL_AXIS_FORMATION,KEGG_DORSO_VENTRAL_AXIS_FORMATION,KEGG_DORSO_VENTRAL_AXIS_FORMATION,24,-0.274433791738564,-0.706379833618984,0.911196911196911,0.985549132947977,0.730656120068959,67,tags=12%, list=0%, signal=12%,84501/2114/440822
KEGG_GLYCOSYLPHOSPHATIDYLINOSITOL_GPI_ANCHOR_BIOSYNTHESIS,KEGG_GLYCOSYLPHOSPHATIDYLINOSITOL_GPI_ANCHOR_BIOSYNTHESIS,KEGG_GLYCOSYLPHOSPHATIDYLINOSITOL_GPI_ANCHOR_BIOSYNTHESIS,25,-0.261617153888517,-0.680288480496508,0.932562620423892,0.985549132947977,0.730656120068959,4968,tags=24%, list=13%, signal=21%,5283/9487/93183/23556/80055/2822
KEGG_OTHER_GLYCAN_DEGRADATION,KEGG_OTHER_GLYCAN_DEGRADATION,KEGG_OTHER_GLYCAN_DEGRADATION,16,0.271640391299383,0.646700770210917,0.921649484536082,0.985549132947977,0.730656120068959,10376,tags=31%, list=27%, signal=23%,4759/2519/2629/3074/23324
KEGG_CIRCADIAN_RHYTHM_MAMMAL,KEGG_CIRCADIAN_RHYTHM_MAMMAL,KEGG_CIRCADIAN_RHYTHM_MAMMAL,13,-0.28475647962026,-0.644564227638352,0.916179337231969,0.985549132947977,0.730656120068959,8019,tags=38%, list=21%, signal=30%,406/1407/5187/1408/8864
KEGG_LIMONENE_AND_PINENE_DEGRADATION,KEGG_LIMONENE_AND_PINENE_DEGRADATION,KEGG_LIMONENE_AND_PINENE_DEGRADATION,10,0.301595151782973,0.639475834350068,0.908730158730159,0.985549132947977,0.730656120068959,11130,tags=50%, list=29%, signal=36%,219/501/3030/1892/1962
KEGG_NEUROTROPHIN_SIGNALING_PATHWAY,KEGG_NEUROTROPHIN_SIGNALING_PATHWAY,KEGG_NEUROTROPHIN_SIGNALING_PATHWAY,126,0.220801098532071,0.785183097467656,0.952083333333333,0.985815183314207,0.730853361710024,6865,tags=21%, list=18%, signal=18%,356/8767/7161/815/3656/4804/4794/399694/8986/6300/808/4790/3654/10603/7531/7534/6464/10971/581/10019/3265/7529/4893/5600/7532/5604/4914
KEGG_OXIDATIVE_PHOSPHORYLATION,KEGG_OXIDATIVE_PHOSPHORYLATION,KEGG_OXIDATIVE_PHOSPHORYLATION,119,0.2224501737064,0.785135846961786,0.9593147751606,0.985815183314207,0.730853361710024,14212,tags=54%, list=37%, signal=34%,170712/245972/125965/1537/341947/506/521/4726/7384/5464/10312/51382/440567/6390/528/4709/7386/518/51606/90423/4702/4712/1352/526/4720/9377/4704/4706/6391/9114/4722/4724/515/4725/9167/374291/127124/27068/4719/513/509/539/84701/533/4695/516/523/9296/4728/7388/4696/514/10476/4723/522/1327/27089/4717/4710/517/1340/644310/4731/8992
KEGG_VEGF_SIGNALING_PATHWAY,KEGG_VEGF_SIGNALING_PATHWAY,KEGG_VEGF_SIGNALING_PATHWAY,76,0.225957309585822,0.748112379175323,0.950199203187251,0.985815183314207,0.730853361710024,8882,tags=29%, list=23%, signal=22%,64600/8877/9047/5829/5880/6300/6714/123745/3265/4893/7867/5578/5582/4846/5600/5604/63928/26279/5530/5881/5291/5293
KEGG_VIBRIO_CHOLERAE_INFECTION,KEGG_VIBRIO_CHOLERAE_INFECTION,KEGG_VIBRIO_CHOLERAE_INFECTION,54,0.229580298956605,0.716653907578686,0.957746478873239,0.985815183314207,0.730853361710024,8667,tags=30%, list=22%, signal=23%,245972/60/30001/71/9601/10312/5578/5582/51382/23480/528/51606/29927/90423/526/10945
KEGG_RIBOFLAVIN_METABOLISM,KEGG_RIBOFLAVIN_METABOLISM,KEGG_RIBOFLAVIN_METABOLISM,16,0.250019442166283,0.595227259993298,0.948453608247423,0.985815183314207,0.730853361710024,4786,tags=19%, list=12%, signal=16%,54/5167/53
KEGG_B_CELL_RECEPTOR_SIGNALING_PATHWAY,KEGG_B_CELL_RECEPTOR_SIGNALING_PATHWAY,KEGG_B_CELL_RECEPTOR_SIGNALING_PATHWAY,75,0.214631670703614,0.705561499862676,0.985858585858586,0.996055226824458,0.738445018189043,8882,tags=29%, list=23%, signal=23%,8519/7410/11025/971/4794/10451/5880/8517/4790/4067/118788/8915/3265/4893/5604/27071/63928/5530/5881/5970/5291/5293
KEGG_INOSITOL_PHOSPHATE_METABOLISM,KEGG_INOSITOL_PHOSPHATE_METABOLISM,KEGG_INOSITOL_PHOSPHATE_METABOLISM,54,-0.218053972493328,-0.663019706090384,0.986138613861386,0.996055226824458,0.738445018189043,6883,tags=44%, list=18%, signal=37%,5728/200576/5297/3632/5290/56623/8396/5289/5286/3631/3633/5294/10423/5333/5288/5332/5330/3613/4329/3707/51196/27124/5336/8395
KEGG_ENDOMETRIAL_CANCER,KEGG_ENDOMETRIAL_CANCER,KEGG_ENDOMETRIAL_CANCER,52,-0.219819808401277,-0.661777884594709,0.982178217821782,0.996055226824458,0.738445018189043,12738,tags=38%, list=33%, signal=26%,10000/5594/1496/8312/5728/29119/5290/999/5170/6655/2064/324/5294/83439/2309/8503/673/5295/51176/8313
KEGG_RIBOSOME,KEGG_RIBOSOME,KEGG_RIBOSOME,88,-0.195182725249442,-0.64499155292858,0.996055226824458,0.996055226824458,0.738445018189043,13087,tags=43%, list=34%, signal=29%,6128/6170/9045/6227/6157/4736/6156/6165/6142/6164/6217/6229/6154/6194/6137/6235/6135/6189/2197/6168/6218/6161/6230/25873/6134/6160/6138/9349/6191/6209/6176/6167/6146/6144/6234/6228/6210/6232
KEGG_SPHINGOLIPID_METABOLISM,KEGG_SPHINGOLIPID_METABOLISM,KEGG_SPHINGOLIPID_METABOLISM,39,0.212667292575047,0.616952072729584,0.993657505285412,0.996055226824458,0.738445018189043,7631,tags=23%, list=20%, signal=19%,8877/56624/4759/9331/2717/2581/2629/55627/8879
